sf_desc	frequency
Tags	42616
N-terminal nucleophile aminohydrolases (Ntn hydrolases)	38333
Immunoglobulin	25383
Ferritin-like	14621
NAD(P)-binding Rossmann-fold domains	14392
P-loop containing nucleoside triphosphate hydrolases	7543
Globin-like	5937
Protein kinase-like (PK-like)	5563
Thioredoxin-like	5161
ClpP/crotonase	5015
Viral protein domain	4106
alpha/beta-Hydrolases	3962
PLP-dependent transferases	3943
Influenza hemagglutinin (stalk)	3852
Trypsin-like serine proteases	3805
Aldolase	3803
ALDH-like	3585
MHC antigen-recognition domain	3483
Concanavalin A-like lectins/glucanases	3220
Histone-fold	3056
Positive stranded ssRNA viruses	2889
(Trans)glycosidases	2830
Tubulin nucleotide-binding domain-like	2587
Tubulin C-terminal domain-like	2585
Nicotinic receptor ligand binding domain-like	2420
S-adenosyl-L-methionine-dependent methyltransferases	2376
Ubiquitin-like	2362
Acid proteases	2323
Periplasmic binding protein-like II	2170
LDH C-terminal domain-like	2168
RuBisCO, large subunit, small (N-terminal) domain	2147
RuBisCo, C-terminal domain	2146
Cupredoxins	2146
Purine and uridine phosphorylases	2133
Enolase C-terminal domain-like	2116
Enolase N-terminal domain-like	2113
C-type lectin-like	2004
Thioesterase/thiol ester dehydrase-isomerase	1929
Bacterial enterotoxins	1906
beta-lactamase/transpeptidase-like	1894
Nuclear receptor ligand-binding domain	1857
EF-hand	1736
Tautomerase/MIF	1735
Sm-like ribonucleoproteins	1698
Nucleoside diphosphate kinase, NDK	1670
GFP-like	1664
'Winged helix' DNA-binding domain	1630
GST C-terminal domain-like	1580
Cytochrome P450	1550
Type II 3-dehydroquinate dehydratase	1550
Dimeric alpha+beta barrel	1515
NTF2-like	1505
Galactose-binding domain-like	1491
Bacterial photosystem II reaction centre, L and M subunits	1415
Ribosomal protein S5 domain 2-like	1395
Thiolase-like	1378
Tetrahydrobiopterin biosynthesis enzymes-like	1377
DNA/RNA polymerases	1371
Aminoacid dehydrogenase-like, N-terminal domain	1323
Ribulose-phoshate binding barrel	1322
Actin-like ATPase domain	1300
RuBisCO, small subunit	1292
HD-domain/PDEase-like	1282
Nucleotidylyl transferase	1257
Nitric oxide (NO) synthase oxygenase domain	1240
Ribonuclease H-like	1228
Group I dsDNA viruses	1228
Transthyretin (synonym: prealbumin)	1203
Acyl-CoA N-acyltransferases (Nat)	1195
Cu,Zn superoxide dismutase-like	1186
Cytochrome c oxidase subunit I-like	1175
Metallo-dependent hydrolases	1168
TNF-like	1168
E set domains	1130
PRTase-like	1114
Cytochrome c	1111
Class I glutamine amidotransferase-like	1090
Carbohydrate phosphatase	1081
Thiamin diphosphate-binding fold (THDP-binding)	1080
Nucleotide-diphospho-sugar transferases	1070
Avidin/streptavidin	1067
Heme-dependent catalase-like	1052
HAD-like	1038
ISP domain	1032
Nucleic acid-binding proteins	1007
Arginase/deacetylase	997
L-aspartase-like	987
Glyceraldehyde-3-phosphate dehydrogenase-like, C-terminal domain	981
Bet v1-like	967
Lipocalins	966
6-phosphogluconate dehydrogenase C-terminal domain-like	964
C-terminal domain of alpha and beta (or A/B) subunits of rotary ATPases	954
N-terminal domain of alpha and beta (or A/B) subunits of rotary ATPases	952
lambda repressor-like DNA-binding domains	941
Cysteine proteinases	935
Glutamine synthetase/guanido kinase	930
Phosphoenolpyruvate/pyruvate domain	918
Aromatic compound dioxygenase	910
Glutathione synthetase ATP-binding domain-like	910
RmlC-like cupins	906
YjgF-like	902
'Helical backbone' metal receptor	879
Trimeric LpxA-like enzymes	866
Metallo-hydrolase/oxidoreductase	863
Fe,Mn superoxide dismutase (SOD), N-terminal domain	860
POZ domain	860
Fe,Mn superoxide dismutase (SOD), C-terminal domain	860
Light-harvesting complex subunits	857
PreATP-grasp domain	854
dUTPase-like	833
Bromodomain	827
Aspartate/ornithine carbamoyltransferase	827
PDZ domain-like	820
GlnB-like	817
Stathmin	804
beta and beta-prime subunits of DNA dependent RNA-polymerase	803
Lysozyme-like	802
Tryptophan synthase beta subunit-like PLP-dependent enzymes	797
Sialidases	795
Glutaminase/Asparaginase	789
Flavoproteins	788
GroES-like	777
Glutamine synthetase, N-terminal domain	768
Muscle protein complexes	758
DHS-like NAD/FAD-binding domain	742
Macro domain-like	740
Galactose mutarotase-like	715
Metalloproteases ('zincins'), catalytic domain	710
Terpenoid synthases	709
2Fe-2S ferredoxin-like	707
Cystine-knot cytokines	689
Carbonic anhydrase	687
Thymidylate synthase/dCMP hydroxymethylase	686
PH domain-like	685
beta-Galactosidase/glucuronidase domain	680
FMN-linked oxidoreductases	673
Isocitrate/Isopropylmalate dehydrogenase-like	672
Clavaminate synthase-like	669
Ribokinase-like	667
Xylose isomerase-like	660
Insulin-like	651
Virus attachment protein globular domain	650
Mitochondrial cytochrome c oxidase subunit IV	648
Cytochrome c oxidase subunit II-like, transmembrane region	642
Glycosyl hydrolase domain	639
Triosephosphate isomerase (TIM)	628
FAD/NAD(P)-binding domain	622
Photosystem I subunits PsaA/PsaB	620
Class II aaRS and biotin synthetases	620
Methyl-coenzyme M reductase subunits	606
Dihydrofolate reductase-like	603
Glyoxalase/Bleomycin resistance protein/Dihydroxybiphenyl dioxygenase	596
4Fe-4S ferredoxins	586
LuxS/MPP-like metallohydrolase	586
Carbamate kinase-like	583
Interleukin 8-like chemokines	582
Photosystem II antenna protein-like	576
ATPase domain of HSP90 chaperone/DNA topoisomerase II/histidine kinase	573
Cyanase C-terminal domain	566
Cytochrome c oxidase subunit III-like	563
Cytochromes	560
Cyclin-like	560
HydB/Nqo4-like	557
ARM repeat	552
Class A G protein-coupled receptor (GPCR)-like	551
EGF/Laminin	551
Periplasmic binding protein-like I	547
Lumazine synthase	546
UBC-like	545
Fibronectin type III	535
UDP-Glycosyltransferase/glycogen phosphorylase	526
CheY-like	524
Restriction endonuclease-like	519
ADP-ribosylation	516
WD40 repeat-like	513
Homeodomain-like	509
Heme-dependent peroxidases	508
Mannose-binding lectins	506
Acyl-CoA dehydrogenase NM domain-like	497
Acyl-CoA dehydrogenase C-terminal domain-like	497
SH3-domain	496
Metallo-dependent phosphatases	494
(Phosphotyrosine protein) phosphatases II	489
4-helical cytokines	486
Nudix	468
Isochorismatase-like hydrolases	462
Adenine nucleotide alpha hydrolases-like	461
Bcl-2 inhibitors of programmed cell death	460
EPT/RTPC-like	456
Ribonuclease PH domain 2-like	453
Leucine zipper domain	450
Cytidine deaminase-like	449
p53-like transcription factors	441
Inosine monophosphate dehydrogenase (IMPDH)	438
Bacterial adhesins	437
Phospholipase A2, PLA2	434
Cytochrome c oxidase subunit h	432
Mitochondrial cytochrome c oxidase subunit VIa	430
N5-CAIR mutase (phosphoribosylaminoimidazole carboxylase, PurE)	430
TRAP-like	428
Methyl-coenzyme M reductase alpha and beta chain C-terminal domain	427
HydA/Nqo6-like	427
FAD-linked reductases, C-terminal domain	418
RBP11-like subunits of RNA polymerase	414
a domain/subunit of cytochrome bc1 complex (Ubiquinol-cytochrome c reductase)	414
DNA clamp	413
NAD(P)-linked oxidoreductase	411
Terpenoid cyclases/Protein prenyltransferases	411
Transmembrane di-heme cytochromes	409
Zn-dependent exopeptidases	406
ATP synthase (F1-ATPase), gamma subunit	405
RNA-binding domain, RBD, aka RNA recognition motif (RRM)	403
beta-carbonic anhydrase, cab	401
PYP-like sensor domain (PAS domain)	401
SIS domain	400
IpsF-like	400
GroEL apical domain-like	388
SH2 domain	387
Fibrinogen C-terminal domain-like	386
Inorganic pyrophosphatase	384
Cytochrome c1 subunit of cytochrome bc1 complex (Ubiquinol-cytochrome c reductase), transmembrane anchor	381
DPP6 N-terminal domain-like	380
BPTI-like	379
Caspase-like	378
Methylamine dehydrogenase, L chain	377
Porins	373
Ribosome inactivating proteins (RIP)	372
D-aminoacid aminotransferase-like PLP-dependent enzymes	372
NagB/RpiA/CoA transferase-like	371
RNA bacteriophage capsid protein	369
ADC-like	363
ISP transmembrane anchor	362
GroEL-intermediate domain like	360
GroEL equatorial domain-like	360
Translation proteins	360
Rubredoxin-like	357
TK C-terminal domain-like	355
CcmK-like	354
Leukocidin-like	352
Fibrinogen coiled-coil and central regions	352
SARS receptor-binding domain-like	352
SNARE fusion complex	348
RNA polymerase	347
Retrovirus capsid protein, N-terminal core domain	347
L domain-like	344
Glucocorticoid receptor-like (DNA-binding domain)	343
Cytochrome c oxidase subunit E	341
Viruses and virus-receptor complexes	340
TPR-like	337
Dodecin-like	336
alpha-helical ferredoxin	336
RNase A-like	336
Calcium-mediated lectin	336
vWA-like	327
Cytochrome b559 subunits	325
Mitochondrial cytochrome c oxidase subunit VIIIb (aka IX)	324
Mitochondrial cytochrome c oxidase subunit VIc	324
Multiheme cytochromes	324
PRC-barrel domain	321
Photosystem II reaction centre subunit H, transmembrane region	319
Chlorophyll a-b binding protein	319
PUA domain-like	318
Ribosome and ribosomal fragments	316
cAMP-binding domain-like	315
Phosphoglycerate mutase-like	315
Voltage-gated ion channels	313
Carbon-nitrogen hydrolase	310
Nickel-containing superoxide dismutase, NiSOD	302
Inhibitor of apoptosis (IAP) repeat	300
Triple coiled coil domain of C-type lectins	298
Composite domain of metallo-dependent hydrolases	298
Insert subdomain of RNA polymerase alpha subunit	295
alpha/beta knot	294
Ubiquinone-binding protein QP-C of cytochrome bc1 complex (Ubiquinol-cytochrome c reductase)	293
N-(deoxy)ribosyltransferase-like	293
FMN-dependent nitroreductase-like	292
Methylglyoxal synthase-like	292
Coronavirus NSP10-like	292
Arabinanase/levansucrase/invertase	288
Scorpion toxin-like	288
Fumarate reductase respiratory complex transmembrane subunits	282
Virus ectodomain	280
Serpins	279
Superantigen toxins, C-terminal domain	275
Electron transport accessory proteins	275
S-adenosylmethionine synthetase	268
Indolic compounds 2,3-dioxygenase-like	268
FMN-binding split barrel	266
Nicotinate/Quinolinate PRTase N-terminal domain-like	263
Homo-oligomeric flavin-containing Cys decarboxylases, HFCD	263
Tetracyclin repressor-like, C-terminal domain	263
Nicotinate/Quinolinate PRTase C-terminal domain-like	263
RbsD-like	262
FAD-binding/transporter-associated domain-like	261
AhpD-like	260
Formate/glycerate dehydrogenase catalytic domain-like	259
Ribbon-helix-helix	259
p53 tetramerization domain	258
ssDNA viruses	258
Thymidylate synthase-complementing protein Thy1	257
PK C-terminal domain-like	254
VHL	254
4'-phosphopantetheinyl transferase	253
ACT-like	252
eIF4e-like	250
PK beta-barrel domain-like	250
CBS-domain pair	249
HIT-like	249
Heme oxygenase-like	248
Retrovirus capsid dimerization domain-like	247
dsRNA-binding domain-like	243
Subtilisin-like	240
Snake toxin-like	237
YVTN repeat-like/Quinoprotein amine dehydrogenase	237
Pentein	237
TRAF domain-like	235
Proteasome activator	234
ACP-like	233
Tetrapyrrole methylase	232
Cytokine	232
Pyruvoyl-dependent histidine and arginine decarboxylases	232
FKBP-like	231
Aspartate carbamoyltransferase, Regulatory-chain, N-terminal domain	231
14-3-3 protein	231
Aspartate carbamoyltransferase, Regulatory-chain, C-terminal domain	231
Six-hairpin glycosidases	231
Bestropin channel-like	230
OMPA-like	227
Protein prenylyltransferase	222
SurE-like	220
MOP-like	220
Quinoprotein alcohol dehydrogenase-like	219
CoA-dependent acyltransferases	218
N-acetylmuramoyl-L-alanine amidase-like	217
Mitochondrial cytochrome c oxidase subunit VIIb	216
Mitochondrial cytochrome c oxidase subunit VIIa	216
Molybdenum cofactor biosynthesis proteins	216
Mitochondrial cytochrome c oxidase subunit VIIc (aka VIIIa)	216
FAH	216
Rotary ATPase ring subunits	216
Undecaprenyl diphosphate synthase	212
Peptide deformylase	212
SWIB/MDM2 domain	210
Acylphosphatase/BLUF domain-like	209
Urease, gamma-subunit	208
Cyclophilin-like	208
14 kDa protein of cytochrome bc1 complex (Ubiquinol-cytochrome c reductase)	208
TrkA C-terminal domain-like	207
Microbial ribonucleases	206
Cystatin/monellin	205
Nucleotidyltransferase	202
Riboflavin synthase domain-like	202
Dihydropteroate synthetase-like	202
Ankyrin repeat	201
Molybdenum cofactor-binding domain	200
CO dehydrogenase molybdoprotein N-domain-like	200
EutN/CcmL-like	194
Cell growth inhibitor/plasmid maintenance toxic component	191
Citrate synthase	188
FucI/AraA N-terminal and middle domains	186
FucI/AraA C-terminal domain-like	186
Rhabdovirus nucleoprotein-like	185
SAM/Pointed domain	185
PFL-like glycyl radical enzymes	184
Ricin B-like lectins	183
Superoxide reductase-like	182
Urease, beta-subunit	182
Carbohydrate-binding domain	181
Photosystem II reaction center protein L, PsbL	180
EndoU-like	180
Dehydroquinate synthase-like	180
PsbU/PolX domain-like	180
STI-like	176
GHMP Kinase, C-terminal domain	176
Roadblock/LC7 domain	176
Molybdenum cofactor biosynthesis protein C, MoaC	174
Amine oxidase N-terminal region	174
Amine oxidase catalytic domain	174
Activating enzymes of the ubiquitin-like proteins	173
Clc chloride channel	172
SMAD/FHA domain	171
SecB-like	170
SET domain	170
HSP20-like chaperones	170
Photosystem I reaction center subunit XI, PsaL	168
DTD-like	168
OmpA-like	167
SGNH hydrolase	167
EF-Tu/eEF-1alpha/eIF2-gamma C-terminal domain	167
Ferredoxin reductase-like, C-terminal NADP-linked domain	166
Tudor/PWWP/MBT	166
Nucleotide cyclase	166
beta-N-acetylhexosaminidase-like domain	164
all-alpha NTP pyrophosphatases	164
Chromo domain-like	164
C-terminal domain of arginine repressor	162
Ribose/Galactose isomerase RpiB/AlsB	160
Di-copper centre-containing domain	159
Subunit X (non-heme 7 kDa protein) of cytochrome bc1 complex (Ubiquinol-cytochrome c reductase)	159
Kringle-like	158
Class II aaRS ABD-related	157
Acetyl-CoA synthetase-like	157
Diacylglycerol kinase (DgkA)-like	156
Prismane protein-like	156
PEP carboxykinase-like	154
PapD-like	154
Methane monooxygenase hydrolase, gamma subunit	154
Cdc48 domain 2-like	151
Ribosomal proteins S24e, L23 and L15e	150
Formate dehydrogenase/DMSO reductase, domains 1-3	150
F420-dependent methylenetetrahydromethanopterin dehydrogenase (MTD)	150
Nucleoplasmin-like core domain	150
Domain of poly(ADP-ribose) polymerase	149
Growth factor receptor domain	149
Cobalamin (vitamin B12)-dependent enzymes	149
Rudiment single hybrid motif	149
C2 domain (Calcium/lipid-binding domain, CaLB)	148
MCP/YpsA-like	148
Subunit III of photosystem I reaction centre, PsaF	148
GTP cyclohydrolase I feedback regulatory protein, GFRP	147
CO dehydrogenase ISP C-domain like	146
Pyrrolidone carboxyl peptidase (pyroglutamate aminopeptidase)	146
Fic-like	146
Succinyl-CoA synthetase domains	145
alpha-D-mannose-specific plant lectins	144
Creatininase	144
Nucleotide-binding domain	144
Photosystem I subunit PsaD	143
U5 small nuclear riboprotein particle assembly factor Aar2 C-terminal domain-like	142
Hepatitis B viral capsid (hbcag)	142
Photosystems	142
U5 small nuclear riboprotein particle assembly factor Aar2 N-terminal domain-like	142
Bacteriophage T4 3D cryo-EM reconstruction	140
Actin depolymerizing proteins	139
Integrin alpha N-terminal domain	138
NIF3 (NGG1p interacting factor 3)-like	136
Trimerization domain of TRAF	135
Allene oxide cyclase-like	134
LYR protein-like	132
DNA breaking-rejoining enzymes	132
DsrEFH-like	132
Glycolsyl hydrolase family 31 C-terminal domain	131
Upper collar protein gp10 (connector protein)	130
Satellite viruses	130
Substrate-binding domain of HMG-CoA reductase	130
NAD-binding domain of HMG-CoA reductase	130
Second domain of FERM	130
Alkaline phosphatase-like	129
CO dehydrogenase flavoprotein C-terminal domain-like	129
Photosystem II 10 kDa phosphoprotein PsbH	129
Immunoglobulin-binding domains	128
GAF domain-like	128
Formyltransferase	126
Argininosuccinate synthetase, C-terminal domain	126
Putative DNA-binding domain	125
UBA-like	125
Periplasmic chaperone C-domain	124
Pyridoxine 5'-phosphate synthase	124
Nucleoside hydrolase	124
TATA-box binding protein-like	123
ENTH/VHS domain	123
clathrin assemblies	122
Amidase signature (AS) enzymes	122
Carbamoyl phosphate synthetase, large subunit connection domain	120
Chitinase insertion domain	120
Isolated insulin B-chain	119
Arp2/3 complex subunits	119
Cadherin-like	119
Sigma3 and sigma4 domains of RNA polymerase sigma factors	118
CoA-transferase family III (CaiB/BaiF)	118
RING/U-box	118
Diaminopimelate epimerase-like	118
Bacterial fluorinating enzyme, C-terminal domain	116
Bacterial fluorinating enzyme, N-terminal domain	116
OsmC-like	112
Resolvase-like	112
DBL homology domain (DH-domain)	112
C-terminal effector domain of the bipartite response regulators	112
GroE chaperon	112
Photosystem II reaction center protein K, PsbK	111
Serum albumin-like	111
A virus capsid protein alpha-helical domain	111
Translation proteins SH3-like domain	111
Sensory domain-like	110
Aquaporin-like	110
Creatinase/aminopeptidase	110
PsbZ-like	109
TNF receptor-like	108
Guanido kinase N-terminal domain	108
HMA, heavy metal-associated domain	108
Bacterial immunoglobulin/albumin-binding domains	108
Nqo1C-terminal domain-like	107
PLC-like phosphodiesterases	107
Phage fibre proteins	107
Nqo1 FMN-binding domain-like	107
Nqo1 middle domain-like	107
DmpA/ArgJ-like	106
Nucleocapsid protein dimerization domain	104
MetI-like	104
Complement control module/SCR domain	104
His-Me finger endonucleases	104
Rap30/74 interaction domain-like	104
Ras GEF	103
RbcX-like	102
PIN domain-like	102
NAD kinase/diacylglycerol kinase-like	102
gamma-Crystallin-like	102
Tricorn protease domain 2	102
Tricorn protease N-terminal domain	102
Type III secretory system chaperone-like	101
Phospholipase D/nuclease	100
Rotavirus nonstructural proteins	100
Nitrite/Sulfite reductase N-terminal domain-like	100
Nitrite and sulphite reductase 4Fe-4S domain-like	100
lambda integrase-like, N-terminal domain	98
Phosphotyrosine protein phosphatases I	98
Coronavirus S2 glycoprotein	98
SufE/NifU	98
Nitrous oxide reductase, N-terminal domain	98
Viral glycoprotein, central and dimerisation domains	98
Pili subunits	97
JAB1/MPN domain	97
RPB6/omega subunit-like	97
ITPase-like	96
Anticodon-binding domain of a subclass of class I aminoacyl-tRNA synthetases	96
C-terminal domain of transcriptional repressors	95
Photosystem II reaction center protein T, PsbT	95
AraD/HMP-PK domain-like	95
STING, TM173 CTD-like	95
post-AAA+ oligomerization domain-like	95
Sus1-like	94
Chorismate mutase II	94
DEATH domain	94
Bacterial luciferase-like	93
ADC synthase	93
Purple acid phosphatase, N-terminal domain	92
FAD/NAD-linked reductases, dimerisation (C-terminal) domain	92
Sigma2 domain of RNA polymerase sigma factors	91
Nitrile hydratase alpha chain	91
NEAT domain-like	91
Collagen-like peptides	91
PCD-like	90
RNA polymerase subunits	90
Membrane antigen precursor-like	90
Hut operon positive regulatory protein HutP	90
Monooxygenase (hydroxylase) regulatory protein	89
Ribosomal protein L14	89
Retinal pigment epithelial membrane protein-like	88
TMV-like viral coat proteins	88
DNase I-like	87
TTHA0583/YokD-like	86
Starch-binding domain-like	86
Ligand-binding domain in the NO signalling and Golgi transport	86
Uracil-DNA glycosylase-like	85
Formylmethanofuran:tetrahydromethanopterin formyltransferase	84
MTH1187/YkoF-like	84
Regulator of G-protein signaling, RGS	84
LexA/Signal peptidase	84
Chorismate lyase-like	83
Non-globular alpha+beta subunits of globular proteins	83
Domain of the SRP/SRP receptor G-proteins	82
Bacterial polysaccharide co-polymerase-like	82
L30e-like	82
Iron-dependent repressor protein, dimerization domain	82
HPr-like	82
RNI-like	82
RNA polymerase subunit RPB10	82
FAD-linked oxidoreductase	82
FAD-linked oxidases, C-terminal domain	82
Ecotin, trypsin inhibitor	82
Proteasome regulatory subunits coiled coil regions	81
Ribosomal protein L13	81
FMT C-terminal domain-like	80
FYVE/PHD zinc finger	80
Dimerization-anchoring domain of cAMP-dependent PK regulatory subunit	80
Ns1 effector domain-like	80
Enzyme IIa from lactose specific PTS, IIa-lac	80
Group II dsDNA viruses VP	79
EB1 dimerisation domain-like	79
TrpR-like	78
Zinc beta-ribbon	78
Defensin-like	78
GINS helical bundle-like	78
Outer membrane efflux proteins (OEP)	77
SAICAR synthase-like	77
ASF1-like	77
Hairpin loop containing domain-like	76
DNA-glycosylase	76
Insect pheromone/odorant-binding proteins	76
DAK1/DegV-like	76
EsxAB dimer-like	76
Succinate dehydrogenase/fumarate reductase flavoprotein, catalytic domain	75
L,D-transpeptidase catalytic domain-like	75
DLC	74
Photosystem II reaction center protein X, PsbX	74
Photosystem II reaction center protein M, PsbM	74
Ribosomal protein L7/12, oligomerisation (N-terminal) domain	74
CorA soluble domain-like	74
SCP-like	73
Transducin (alpha subunit), insertion domain	73
Skp1 dimerisation domain-like	73
RelE-like	73
YefM-like	72
IHF-like DNA-binding proteins	72
Succinate dehydrogenase/fumarate reductase flavoprotein C-terminal domain	72
Viral DNA-binding domain	72
Dipeptidyl peptidase I (cathepsin C), exclusion domain	72
Zn-binding ribosomal proteins	72
GTPase activation domain, GAP	71
HlyD-like secretion proteins	71
PTS system fructose IIA component-like	71
S15/NS1 RNA-binding domain	71
Cobalamin adenosyltransferase-like	70
Transducin (heterotrimeric G protein), gamma chain	70
Translational machinery components	70
PurM N-terminal domain-like	70
Assembly domain of cartilage oligomeric matrix protein	70
PurM C-terminal domain-like	70
GLA-domain	70
CRISPR associated protein Cas1-like	70
Translin	69
ClpS-like	69
Filoviridae VP35-like	68
Saposin	68
Acid phosphatase/Vanadium-dependent haloperoxidase	68
Eukaryotic type KH-domain (KH-domain type I)	68
Tenuivirus/Phlebovirus nucleocapsid protein	68
The spindle assembly checkpoint protein mad2	68
Chorismate synthase, AroC	68
Photosystem II reaction center protein J, PsbJ	68
Chelatase	68
L-sulfolactate dehydrogenase-like	67
Methanol dehydrogenase subunit	67
Homodimeric domain of signal transducing histidine kinase	67
Subunit IX of photosystem I reaction centre, PsaJ	67
PA14-like	67
ssDNA-binding transcriptional regulator domain	67
Frataxin/Nqo15-like	67
Pectin lyase-like	67
MxiH-like	66
Proton glutamate symport protein	66
Hypothetical protein TM1070	66
Phage tail protein-like	66
Cell cycle regulatory proteins	66
Phosphofructokinase	66
Aminopeptidase/glucanase lid domain	66
Non-heme 11 kDa protein of cytochrome bc1 complex (Ubiquinol-cytochrome c reductase)	65
Barrier-to-autointegration factor, BAF	64
Glycoside hydrolase/deacetylase	64
flu NP-like	64
Cyanovirin-N	64
Magnesium transport protein CorA, transmembrane region	64
EF-G C-terminal domain-like	63
Nucleoside phosphorylase/phosphoribosyltransferase catalytic domain	62
BRCT domain	62
Homing endonucleases	62
SRF-like	62
HLH, helix-loop-helix DNA-binding domain	62
Iron-sulfur cluster-binding zinc finger CDGSH type	62
Nucleoside phosphorylase/phosphoribosyltransferase N-terminal domain	62
Annexin	61
Zn aminopeptidase N-terminal domain	61
Type II DNA topoisomerase C-terminal domain-like	61
NAP-like	60
Photosystem II reaction center protein I, PsbI	60
alpha-catenin/vinculin-like	60
MurD-like peptide ligases, catalytic domain	60
ATP synthase	60
KA1-like	60
Mss4-like	60
Ta1353-like	60
N-terminal, heterodimerisation domain of RBP7 (RpoE)	60
Ribosomal protein S18	59
Kelch motif	59
Antiporter-like subunits from respiratory complex I	59
CAD & PB1 domains	59
Nqo5-like	58
Hedgehog/DD-peptidase	58
PEP carboxykinase N-terminal domain	58
Bacillus cereus metalloprotein-like	58
AbrB/MazE/MraZ-like	58
Herpes virus serine proteinase, assemblin	58
MTH889-like	58
gp120 core	57
Origin of replication-binding domain, RBD-like	57
Peptidase/esterase 'gauge' domain	57
MAPEG domain-like	56
Lipase/lipooxygenase domain (PLAT/LH2 domain)	56
Hemerythrin-like	56
MurCD N-terminal domain	56
Single hybrid motif	56
Ribosomal protein S8	56
PriA/YqbF domain	56
Frizzled cysteine-rich domain	56
DNA-binding domain of retroviral integrase	56
Molybdopterin synthase subunit MoaE	55
Colicin E immunity proteins	55
Major capsid protein gp5	54
Penicillin binding protein dimerisation domain	54
Calcium-dependent phosphotriesterase	54
V-type ATPase central rotor subunit D	54
Adenylylcyclase toxin (the edema factor)	54
Alanine racemase C-terminal domain-like	54
Kazal-type serine protease inhibitors	54
PLP-binding barrel	54
Bacterial ba3 type cytochrome c oxidase subunit IIa	54
CI-2 family of serine protease inhibitors	53
Ribosomal protein S10	53
Prokaryotic type KH domain (KH-domain type II)	52
Histidine-containing phosphotransfer domain, HPT domain	52
GMP synthetase C-terminal dimerisation domain	52
Barstar-related	52
Nucleotidyltransferase substrate binding subunit/domain	52
Acetoacetate decarboxylase-like	52
Retroviral matrix proteins	51
Cytochrome b5-like heme/steroid binding domain	51
Arp2/3 complex 16 kDa subunit ARPC5	51
Retroviral integrase, N-terminal Zn binding domain	51
Metal cation-transporting ATPase, ATP-binding domain N	51
SspB-like	51
PIWI domain N-terminal-like	51
Profilin (actin-binding protein)	50
Fibre shaft of virus attachment proteins	50
Aerolisin/ETX pore-forming domain	50
Creatinase/prolidase N-terminal domain	50
AMPKBI-like	50
Tropomyosin	50
Oligoxyloglucan reducing end-specific cellobiohydrolase	50
Cytolysin/lectin	50
Designed four-helix bundle protein	50
F-box domain	49
Regulatory factor Nef	49
Hect, E3 ligase catalytic domain	49
Myosin S1 fragment, N-terminal domain	49
LysM domain	48
R1 subunit of ribonucleotide reductase, N-terminal domain	48
LigT-like	48
Rho N-terminal domain-like	48
AlbA-like	48
CsrA-like	48
Oxidoreductase molybdopterin-binding domain	48
Flavivirus non-structural protein NS2B-like	48
DIL domain-like	47
Viral glycoprotein ectodomain-like	47
Ammonium transporter	47
Ribosomal protein L29 (L29p)	47
Metal cation-transporting ATPase, transmembrane domain	47
Calponin-homology domain, CH-domain	47
Metal cation-transporting ATPase, actuator domain A	47
B12-dependent dehydatase associated subunit	47
Resistin	46
Endosomal sorting complex assembly domain	46
alpha-ketoacid dehydrogenase kinase, N-terminal domain	46
S13-like H2TH domain	46
Coronavirus NSP8-like	46
TmoB-like	46
Peptidyl-tRNA hydrolase-like	46
FAT domain of focal adhesion kinase	46
Tetrabrachion	46
Zn aminopeptidase insert domain	46
Integrin domains	45
YjeF N-terminal domain-like	45
Transmembrane helical fragments	45
SNF-like	45
Tetraspanin	45
Uracil-DNA glycosylase inhibitor protein	45
Ribosomal protein S3 C-terminal domain	45
Casein kinase II beta subunit	45
Pseudouridine synthase	44
RNase III domain-like	44
YfbU-like	44
Sec2 N-terminal region	44
SNARE-like	44
Prokaryotic lipoproteins and lipoprotein localization factors	44
Subunit VIII of photosystem I reaction centre, PsaI	44
DNA polymerase beta, N-terminal domain-like	44
ParB/Sulfiredoxin	44
Transglutaminase, two C-terminal domains	44
FnI-like domain	44
Homocysteine S-methyltransferase	44
YrdC/RibB	44
Plant lectins/antimicrobial peptides	44
Cobalamin (vitamin B12)-binding domain	43
Heme-binding protein A (HasA)	43
Epsilon subunit of F1F0-ATP synthase N-terminal domain	42
anthrax toxin protective antigen-receptor complex	42
C-terminal (heme d1) domain of cytochrome cd1-nitrite reductase	42
RuBisCo LSMT C-terminal, substrate-binding domain	42
CYTH-like phosphatases	42
Heat shock protein 70kD (HSP70), C-terminal subdomain	42
PABC (PABP) domain	42
Bacterial exopeptidase dimerisation domain	42
PetN subunit of the cytochrome b6f complex	41
Prion-like	41
Lesion bypass DNA polymerase (Y-family), little finger domain	41
Hyaluronidase post-catalytic domain-like	41
Ribosomal protein L39e	41
BAR/IMD domain-like	40
Replicase NSP9	40
Carbamoyl phosphate synthetase, small subunit N-terminal domain	40
Subunits of heterodimeric actin filament capping protein Capz	40
MK0786-like	40
Epsilon subunit of F1F0-ATP synthase C-terminal domain	40
HAMP domain-like	40
Hydrophobin II, HfbII	40
MoeA C-terminal domain-like	40
MoeA N-terminal region -like	40
Chalcone isomerase	40
Pre-mRNA splicing factor Prp19 coiled coil domain	39
HIV integrase-binding domain	39
Elongation factor Ts (EF-Ts), dimerisation domain	39
Cap-Gly domain	39
Fe-only hydrogenase	38
gp9	38
Outer surface protein C (OspC)	38
TolB, N-terminal domain	37
PetG subunit of the cytochrome b6f complex	37
Phoshotransferase/anion transport protein	37
TolB, C-terminal domain	37
Ribosomal protein S2	37
Cryptochrome/photolyase, N-terminal domain	37
Bifunctional inhibitor/lipid-transfer protein/seed storage 2S albumin	37
Ferredoxin thioredoxin reductase (FTR), catalytic beta chain	37
Clathrin adaptor appendage domain	37
Neurophysin II	37
Bacterial hemolysins	36
Tyrosinase cofactor MelC1	36
Flavivirus capsid protein C	36
Archaeal IMP cyclohydrolase PurO	36
Ribosomal protein L6	36
ATP1G1/PLM/MAT8-like (FXYD-like)	36
Cryptochrome/photolyase FAD-binding domain	36
Proteasome regulatory subunits PAN/Rpt, OB-fold domain	36
Copper amine oxidase, domain N	36
Carbohydrate binding domain	36
Ferredoxin-like domains from CRISPR-associated proteins	35
MoaD/ThiS	35
V-type ATP synthase subunit C	35
PetM subunit of the cytochrome b6f complex	35
ThiG-like	35
Epsilon subunit of mitochondrial F1F0-ATP synthase	35
Polo-box domain	35
PAP/OAS1 substrate-binding domain	34
Ferredoxin-dependent bilin reductase	34
Bacteriophage trimeric proteins domain	34
TorD-like	34
DNA primase core	34
mRNA decapping enzyme DcpS N-terminal domain	34
RPB5-like RNA polymerase subunit	34
WW domain	34
Siroheme synthase middle domains-like	34
Eukaryotic RPB5 N-terminal domain	34
Fumarylacetoacetate hydrolase, FAH, N-terminal domain	34
tRNA-intron endonuclease catalytic domain-like	34
DsbC/DsbG N-terminal domain-like	34
PX domain	34
YjbQ-like	34
Phosphoglycerate kinase	34
Peripheral subunit-binding domain of 2-oxo acid dehydrogenase complex	33
Alpha-L RNA-binding motif	33
PR-1-like	33
G protein-binding domain	33
AXH domain	33
TAL effector-like	33
Hemopexin-like domain	33
Ribosomal protein S6	33
2-methylcitrate dehydratase PrpD	33
Outer membrane lipoprotein	32
S-adenosylmethionine decarboxylase	32
FAD-dependent thiol oxidase	32
ABC transporter transmembrane region	32
D-ribose-5-phosphate isomerase (RpiA), lid domain	32
Alpha subunit of glutamate synthase, C-terminal domain	32
Penicillin-binding protein associated domain	32
tRNA-intron endonuclease N-terminal domain-like	32
Diol dehydratase, gamma subunit	32
N-terminal domain of cbl (N-cbl)	32
An anticodon-binding domain of class I aminoacyl-tRNA synthetases	32
Sodium/potassium-transporting ATPase, beta subunit transmembrane helix	32
TraM-like	32
L27 domain	32
NosL/MerB-like	32
Staphylokinase/streptokinase	32
Mannose 6-phosphate receptor domain	31
Crisp domain-like	31
Recombination protein RecR	31
Subunit XI (6.4 kDa protein) of cytochrome bc1 complex (Ubiquinol-cytochrome c reductase)	31
FKBP12-rapamycin-binding domain of FKBP-rapamycin-associated protein (FRAP)	31
PetL subunit of the cytochrome b6f complex	31
Plant inhibitors of proteinases and amylases	31
CutC-like	30
Fibritin	30
MalF N-terminal region-like	30
Sodium/potassium-transporting ATPase, beta subunit extracellular domain	30
Phospholipase C/P1 nuclease	30
Fe-S cluster assembly (FSCA) domain-like	30
Mago nashi protein	30
UraD-Like	30
Dimerization cofactor of HNF-1 alpha	30
PA domain	30
Clathrin heavy-chain terminal domain	30
Transferrin receptor-like dimerisation domain	30
Type I dockerin domain	30
tRNA-guanine transglycosylase	30
Cas3 C-terminal domain-like	30
DHH phosphoesterases	30
YbjQ-like	30
1-deoxy-D-xylulose-5-phosphate reductoisomerase, C-terminal domain	30
CoaB-like	30
RraA-like	29
AtpF-like	29
Histone H3 K4-specific methyltransferase SET7/9 N-terminal domain	29
RCC1/BLIP-II	29
DNA repair protein MutS, domain III	29
beta-lactamase-inhibitor protein, BLIP	29
DNA repair protein MutS, domain II	29
Anthrax protective antigen C-terminal-like	29
PTPA-like	29
Microtubule complexes	29
Staphylococcal nuclease	29
Fertilization protein	29
Mechanosensitive channel protein MscS (YggB), transmembrane region	28
Mechanosensitive channel protein MscS (YggB), C-terminal domain	28
Head decoration protein D (gpD, major capsid protein D)	28
Elafin-like	28
Head morphogenesis protein gp7	28
ROP protein	28
Telomeric repeat binding factor (TRF) dimerisation domain	28
Phosphoglucomutase, C-terminal domain	28
Phosphoglucomutase, first 3 domains	28
CRISPR associated protein Cas2-like	28
Bcr-Abl oncoprotein oligomerization domain	28
IpaD-like	28
Coproporphyrinogen III oxidase	28
Reovirus inner layer core protein p3	28
DUF3412 domain	28
Hcp1-like	28
Group V grass pollen allergen	28
Plant invertase/pectin methylesterase inhibitor	28
DUF4478 domain-like	28
Oligosaccharide binding protein	28
Thiol:disulfide interchange protein DsbD, N-terminal domain (DsbD-alpha)	27
Folate-binding domain	27
Mitochondrial glycoprotein MAM33-like	27
Glycosyl hydrolases family 6, cellulases	27
Intermediate filament protein, coiled coil region	27
Blood clotting	26
Cullin repeat-like	26
Ebola nucleoprotein C-terminal domain-like	26
DNA ligase/mRNA capping enzyme, catalytic domain	26
Amyloid beta a4 protein copper binding domain (domain 2)	26
C-terminal domain of RNA polymerase alpha subunit	26
Peptide methionine sulfoxide reductase	26
RIG-I C-terminal-like	26
Cytochrome f, large domain	26
WSSV envelope protein-like	26
Rhodanese/Cell cycle control phosphatase	26
AF0104/ALDC/Ptd012-like	26
Aspartate/glutamate racemase	26
Troponin coil-coiled subunits	26
Hemocyanin, N-terminal domain	26
delta-Endotoxin (insectocide), middle domain	26
delta-Endotoxin (insectocide), N-terminal domain	26
Subunit XII of photosystem I reaction centre, PsaM	26
Putative cyclase	26
Kix domain of CBP (creb binding protein)	26
Influenza virus matrix protein M1	26
Influenza virus PB2 cap binding domain-like	26
Microbial and mitochondrial ADK, insert 'zinc finger' domain	26
Transposase IS200-like	26
Hedgehog/intein (Hint) domain	26
HSP90 C-terminal domain	26
Perfringolysin C-terminal-like	25
Lipoxigenase	25
Membrane ion channel-forming peptide antibiotics containing D-aminoacids	25
Nop10-like SnoRNP	25
DNA repair protein MutS, domain I	25
PEBP-like	25
Ribosomal L27 protein-like	25
V1 ATP synthase A subunit, bulge domain-like	25
RuvA domain 2-like	25
Perfringolysin N-terminal-like	25
Nuclear receptor coactivator interlocking domain	24
PHP domain-like	24
Riboflavin kinase-like	24
Pyrimidine nucleoside phosphorylase C-terminal domain	24
Orange carotenoid protein, N-terminal domain	24
Peptidyl-tRNA hydrolase II	24
Indigoidine synthase A-like	24
Membrane penetration protein mu1	24
Designed trimeric coiled-coil	24
YbaK/ProRS associated domain	24
Baseplate structural protein gp8	24
Duffy binding domain-like	24
YheA/YmcA-like	24
Glycosyl hydrolase family 99	24
YutG-like	24
CRAL/TRIO N-terminal domain	24
CRAL/TRIO domain	24
GAT-like domain	24
Coronavirus NSP7-like	24
Zn2/Cys6 DNA-binding domain	24
C-terminal domain of ProRS	24
KaiA/RbsU domain	24
Methenyltetrahydromethanopterin cyclohydrolase	24
GreA transcript cleavage protein, N-terminal domain	24
Mog1p/PsbP-like	24
Leech antihemostatic proteins	24
RL5-like	23
Aminomethyltransferase beta-barrel domain	23
XRCC4, N-terminal domain	23
Pre-mRNA splicing factor Prp38 N-terminal-like	23
5' to 3' exonuclease, C-terminal subdomain	23
Anaphylotoxins (complement system)	23
Bowman-Birk inhibitor, BBI	23
V-type ATPase subunit E-like	23
Ribosomal protein S19	22
HprK N-terminal domain-like	22
PAP/Archaeal CCA-adding enzyme, C-terminal domain	22
Outer membrane carboxylate (Occ) channels	22
TIMP-like	22
KorB DNA-binding domain-like	22
Superantigen MAM	22
Second domain of Mu2 adaptin subunit (ap50) of ap2 adaptor	22
VPS28 C-terminal domain-like	22
Blood coagulation inhibitor (disintegrin)	22
Ep-cadherin	22
Phosphatidylinositol 3-kinase regulatory subunit P85 inter-SH2 (iSH2) domain-like	22
Eferin C-derminal domain-like	22
EV matrix protein	22
Sporulation response regulatory protein Spo0B	22
Demethylase interaction domain of CoREST	22
Respiratory complex I subunit NuoA-like	22
Crambin-like	22
PurS-like	22
CofD-like	22
tRNA-binding arm	22
CalX-like	22
Subtilisin inhibitor	22
GAD domain-like	22
Actinoxanthin-like	22
Mob1/phocein	22
Actin-crosslinking proteins	22
post-HMGL domain-like	21
Heat shock protein 70kD (HSP70), peptide-binding domain	21
Flagellar export chaperone FliS	21
Diphtheria toxin, C-terminal domain	21
Flagellar transcriptional activator FlhD	21
Prokaryotic ribosomal protein L17	21
Diphtheria toxin, middle domain	21
V-type ATPase peripheral stalk subunit E coiled coil	21
HIPIP (high potential iron protein)	21
Double Clp-N motif	21
XRCC4, C-terminal oligomerization domain	21
Core binding factor beta, CBF	21
Spermadhesin, CUB domain	20
Thiamin phosphate synthase	20
DsrC, the gamma subunit of dissimilatory sulfite reductase	20
MIT domain	20
Respiratory nitrate reductase 1 gamma chain	20
Respiratory complex I subunit NuoK-like	20
Urocanase	20
Doublecortin (DC)	20
Amphiphilic (amphipathic) alpha helix	20
CytB endotoxin-like	20
Lamin A/C globular tail domain	20
UbiD C-terminal domain-like	20
Rnp2-like	20
Myosin rod fragments	20
UDP-glucose/GDP-mannose dehydrogenase C-terminal domain	20
FtsH protease domain-like	20
3-carboxy-cis,cis-mucoante lactonizing enzyme	20
Ganglioside M2 (gm2) activator	20
Pyruvate-ferredoxin oxidoreductase, PFOR, domain III	20
IVS-encoded protein-like	20
Peptidylarginine deiminase Pad4, middle domain	19
Outer capsid protein sigma 3	19
FabD/lysophospholipase-like	19
EscU C-terminal domain-like	19
Sortase	19
Sec7 domain	19
Ran-GTPase activating protein 1 (RanGAP1), C-terminal domain	19
SpoIIaa-like	19
t-snare proteins	19
DNA gyrase B, C-terminal domain-like	19
MIR domain	19
Scaffolding protein gpD of bacteriophage procapsid	18
UROD/MetE-like	18
LeuD/IlvD-like	18
DhaL-like	18
Barwin-like endoglucanases	18
GRIP domain	18
Ribosome binding protein Y (YfiA homologue)	18
Nicotinate mononucleotide:5,6-dimethylbenzimidazole phosphoribosyltransferase (CobT)	18
Putative modulator of DNA gyrase, PmbA/TldD	18
GatB/YqeY motif	18
Ribosomal protein L10-like	18
Nop domain	18
Gated mechanosensitive channel	18
TM1457-like	18
Aldehyde ferredoxin oxidoreductase, N-terminal domain	18
Viral chemokine binding protein m3	18
Duplicated hybrid motif	18
Aldehyde ferredoxin oxidoreductase, C-terminal domains	18
MgtE N-terminal domain-like	18
DUSP-like	18
HIN-2000 domain-like	18
DNA methylase specificity domain	18
Trigger factor ribosome-binding domain	17
PE/PPE dimer-like	17
SRCR-like	17
Triger factor/SurA peptide-binding domain-like	17
C-terminal linker of 6-deoxyerythronolide B synthase (DEBS)-like	17
Filovirus surface glycoprotein-like	17
Arp2/3 complex 21 kDa subunit ARPC3	17
KS-to-AT linker domain from 6-deoxyerythronolide B synthase (DEBS)-like	17
Swiveling domain of dehydratase reactivase alpha subunit	17
Phage tail proteins	17
Bacteriocin AS-48	16
YceI-like	16
SOCS box-like	16
Aspartate receptor, ligand-binding domain	16
Cell division protein ZapA-like	16
MesJ substrate recognition domain-like	16
Urease metallochaperone UreE, N-terminal domain	16
Geminin coiled-coil domain	16
YopX-like	16
Urease metallochaperone UreE, C-terminal domain	16
Precorrin-8X methylmutase CbiC/CobH	16
Beta-D-glucan exohydrolase, C-terminal domain-like	16
Fibronectin III-like	16
6-hydroxymethyl-7,8-dihydropterin pyrophosphokinase, HPPK	16
DinB/YfiT-like putative metalloenzymes	16
MFS general substrate transporter	16
Hypothetical protein PH1602	16
LDL receptor-like module	16
HesB-like domain	16
Taf5 N-terminal domain-like	16
NblA-like	16
ThrRS/AlaRS common domain	16
Apolipoprotein A-I	16
SpoVG-like	16
Transcription factor IIA (TFIIA), beta-barrel domain	16
Cytochrome f subunit of the cytochrome b6f complex, transmembrane anchor	15
Phosphohistidine domain	15
Preprotein translocase SecY subunit	15
F1 ATPase inhibitor, IF1, C-terminal domain	15
Spectrin repeat	15
CAPPD, an extracellular domain of amyloid beta A4 protein	15
Ribosomal L11/L12e N-terminal domain	15
Helical bundle domains from Csm1/Cmr1-like	15
Transcription factor IIA (TFIIA), alpha-helical domain	15
NusB-like	15
beta-beta-alpha zinc fingers	14
Subdomain of clathrin and coatomer appendage domain	14
Seven-hairpin glycosidases	14
ArfGap/RecO-like zinc finger	14
DnaK suppressor protein DksA, alpha-hairpin domain	14
Acyl-CoA binding protein	14
Hemolytic lectin CEL-III, C-terminal domain	14
Toll/Interleukin receptor TIR domain	14
Aromatic aminoacid monoxygenases, catalytic and oligomerization domains	14
Thermophilic metalloprotease-like	14
Phage replication organizer domain	14
Olfactomedin (OLF)-like	14
5'-nucleotidase (syn. UDP-sugar hydrolase), C-terminal domain	14
Phosphoprotein oligomerization domain-like	14
V-type ATPase peripheral stalk subunit G coiled coil	14
HybD-like	14
Signal peptide-binding domain	14
Penicillin-binding protein 2x (pbp-2x), c-terminal domain	14
ADP-ribosylglycohydrolase	14
YegP-like	14
HRDC-like	14
Yeast killer toxins	14
Chaperone J-domain	14
SO2669-like	14
BAH domain	14
Bacteriochlorophyll A protein	14
Head and neck region of the ectodomain of NDV fusion glycoprotein	14
Cell wall binding repeat	14
Invasin/intimin cell-adhesion fragments	14
Transferrin receptor-transferrin complex	14
Alpha-2,3/8-sialyltransferase CstII	14
AMMECR1-like	14
MtlR-like	14
Fucose-specific lectin	14
Colicin D/E5 nuclease domain	13
PB2 C-terminal domain-like	13
HupF/HypC-like	13
ERP29 C domain-like	13
Uteroglobin-like	13
Smac/diablo	13
DNA terminal protein	13
CheY-binding domain of CheA	13
Cullin homology domain	13
eIF2alpha middle domain-like	13
Ribosomal protein L20	13
PTS IIb component	13
Antimicrobial helix	12
Regulatory protein AraC	12
Acetamidase/Formamidase-like	12
DNA-binding domain	12
VP4 membrane interaction domain	12
LigB-like	12
Proteins of incorrect, partial and unknown sequence	12
E2 regulatory, transactivation domain	12
TAZ domain	12
Mitotic arrest deficient-like 1, Mad1	12
YejL-like	12
Protein HNS-dependent expression A; HdeA	12
Reovirus components	12
XCC0632-like	12
DNA-binding C-terminal domain of the transcription factor MotA	12
Ran binding protein zinc finger-like	12
Tetramerization domain of the Mnt repressor	12
Mediator hinge subcomplex-like	12
Surface presentation of antigens (SPOA)	12
Tim10-like	12
Oxysterol-binding protein-like	12
Efb C-domain-like	12
FinO-like	12
Outer surface protein	12
Macroglobulin	12
Handle domain of Transferrin binding protein TbpB-like	12
Families 57/38 glycoside transferase middle domain	12
Malate synthase G	12
Heterotrimerisation domain of extracellular hemoglobin linker subunits	12
TolA/TonB C-terminal domain	12
Extracellular hemoglobin linker subunit, receptor domain	12
GatD N-terminal domain-like	12
Glu-tRNAGln amidotransferase C subunit	12
Glycolipid transfer protein, GLTP	12
PGBD-like	12
Anticodon-binding domain of PheRS	12
B domain from Cmr1-like	12
PheT/TilS domain	12
PhoU-like	12
Small-conductance potassium channel	12
Trimeric adhesin	12
ApaG-like	12
OmpH-like	12
Head-binding domain of phage P22 tailspike protein	12
CheW-like	11
Prim-pol domain	11
C-terminal, gelsolin-like domain of Sec23/24	11
eIF-2-alpha, C-terminal domain	11
PTS system IIB component-like	11
beta-sandwich domain of Sec23/24	11
Formin homology 2 domain (FH2 domain)	11
Zn-finger domain of Sec23/24	11
Smc hinge domain	11
Plant proteinase inhibitors	11
Ribosomal protein L11, C-terminal domain	11
Electron transport chains	11
Protease propeptides/inhibitors	11
C-terminal domain of adenylylcyclase associated protein	11
Helical domain of Sec23/24	11
beta-Barrel protease inhibitors	11
Zinc finger based beta-beta-alpha motif	10
Supernatant protein factor (SPF), C-terminal domain	10
Ligand-gated ion channels	10
Rad51 N-terminal domain-like	10
Radical SAM enzymes	10
Neurotransmitter-gated ion-channel transmembrane pore	10
Colicin E3 receptor domain	10
Stabilizer of iron transporter SufD	10
Recombination endonuclease VII, C-terminal and dimerization domains	10
beta-Catenine bound non-globular protein regions	10
'SARS ORF9b-like	10
Cysteine-rich domain	10
CNF1/YfiH-like putative cysteine hydrolases	10
LmbE-like	10
Probable ACP-binding domain of malonyl-CoA ACP transacylase	10
Probable bacterial effector-binding domain	10
CBD9-like	10
MurD-like peptide ligases, peptide-binding domain	10
Dipeptide transport protein	10
I/LWEQ domain	10
An insect antifreeze protein	10
Ribosomal protein S7	10
N-terminal domains of the minor coat protein g3p	10
N-terminal linker of 6-deoxyerythronolide B synthase (DEBS)	10
E2F-DP heterodimerization region	10
Transcriptional repressor TraM	10
STIV B116-like	10
Ribonuclease domain of colicin E3	10
Dextranase, N-terminal domain	10
Pheromone-binding domain of LuxR-like quorum-sensing transcription factors	10
Toprim domain	10
Outer membrane phospholipase A (OMPLA)	10
Helical scaffold and wing domains of SecA	10
Pentapeptide repeat-like	10
Type III secretion system domain	10
ABC transporter involved in vitamin B12 uptake, BtuC	10
Soluble quinoprotein glucose dehydrogenase	10
HP1531-like	10
Dcp2 domain-like	10
DOPA-like	10
AFP III-like domain	10
Ribosomal proteins L15p and L18e	10
Bacteriophage HK97 procapsid (prohead II)	10
Inhibitor of vertebrate lysozyme, Ivy	10
Pre-protein crosslinking domain of SecA	10
XseB-like	10
Plexin repeat	10
GlcG-like	10
Sec-beta or SecG subunit of protein translocation channel	9
N-terminal domain of adenylylcyclase associated protein, CAP	9
Ribosomal protein L22	9
SRP19	9
Alpha-lytic protease prodomain	9
Respiratory complex I subunit NuoJ-like	9
Baculovirus p35 protein	9
Ribosomal protein L25-like	9
PilZ domain-like	9
Ribosomal protein L16p/L10e	9
Cell-division protein ZipA, C-terminal domain	9
Subunit PsaX of photosystem I reaction centre	9
Transcription factor STAT-4 N-domain	9
occludin/ELL-like	9
N-terminal domain of Prp8 / Spp42	9
Staphylocoagulase	8
Sema domain	8
Scorpion toxin-based designs	8
VPA0735-like	8
Ubiquitin	8
Thyroglobulin type-1 domain	8
Ribonuclease Rh-like	8
YonK-like	8
Thiamin pyrophosphokinase, substrate-binding domain	8
Variable surface antigen VlsE	8
Thiamin pyrophosphokinase, catalytic domain	8
TerB-like	8
Signal recognition particle alu RNA binding heterodimer, SRP9/14	8
Ta0600-like	8
Allophycocyanin linker chain (domain)	8
TTHA1013/TTHA0281-like	8
YbaB-like	8
TGS-like	8
TFB5-like	8
Trefoil	8
OMPT-like	8
Influenza virus PB2 '627' domain-like	8
LD-carboxypeptidase A C-terminal domain-like	8
Pre-mRNA splicing factor Cwf14-like	8
Pre-mRNA splicing factor Cdc5-like	8
Pre-PUA domain	8
Poly A polymerase C-terminal region-like	8
GBBH N-terminal domain-like (DUF971)	8
Plasmid maintenance system epsilon/zeta, antidote epsilon subunit	8
GYF domain	8
HSP40/DnaJ peptide-binding domain	8
ICP-like	8
PP2C-like	8
PHL pollen allergen	8
Kinetochore globular domain	8
L,D-transpeptidase pre-catalytic domain-like	8
LEM domain	8
Pre-mRNA splicing factor Prp17-like	8
PAH2 domain	8
BAG domain	8
LigA subunit of an aromatic-ring-opening dioxygenase LigAB	8
B-box zinc-binding domain	8
Menin N-terminal domain-like	8
MgtE membrane domain-like	8
MoaD-related protein, C-terminal domain	8
N-terminal domain of MutM-like DNA repair proteins	8
Arenavirus nucleocapsid protein N-terminal domain-like	8
N-utilization substance G protein NusG, N-terminal domain	8
N-utilization substance G protein NusG, insert domain	8
NRDP1 C-terminal domain-like	8
NSP3 homodimer	8
ENT-like	8
Apyrase	8
Coiled serine	8
Cell-division inhibitor MinC, N-terminal domain	8
Colicin E3 immunity protein	8
Clostridium neurotoxins, 'coiled-coil' domain	8
C-terminal fragment of thermolysin	8
Cloacin translocation domain	8
Proteasome regulatory subunit Rpn2 C-terminal domain-like	8
Proteasome regulatory subunit Rpn2 N-terminal domain-like	8
Cell-division inhibitor MinC, C-terminal domain	8
Quinohemoprotein amine dehydrogenase A chain, domain 3	8
Quinohemoprotein amine dehydrogenase C chain	8
Cation efflux protein cytoplasmic domain-like	8
MbtH-like	7
PA C-terminal domain-like	7
Spliceosomal U4/U6 small nuclear ribonucleoprotein Prp3 N-terminal domain-like	7
Spliceosomal U4/U6 small nuclear ribonucleoprotein Prp31 C-terminal domain-like	7
L21p-like	7
Suppressor of Fused, N-terminal domain	7
RNA polymerase I subunit A14-like	7
ATP synthase D chain-like	7
BTG domain-like	7
Protein A Ig(Fc)-binding domain mimics	7
HMG-box	7
eEF-1beta-like	7
Photosystem I reaction center subunit X, PsaK	7
Fragments of the L-type calcium channel alpha subunit Cav.1 (dihydropyridine receptor)	7
ERH-like	7
Poly(A) polymerase catalytic subunit-like	7
Preprotein translocase SecE subunit	7
Pre-mRNA splicing factor Prp45-like	7
C-terminal autoproteolytic domain of nucleoporin nup98	6
Major surface antigen p30, SAG1	6
Soluble secreted chemokine inhibitor, VCCI	6
MTH938-like	6
MPN010-like	6
Variant surface glycoprotein (N-terminal domain)	6
Coronavirus RNA-binding domain	6
YgfY-like	6
Cgl1923-like	6
CheC-like	6
Chicken cartilage matrix protein	6
Chondroitin AC/alginate lyase	6
VHP, Villin headpiece domain	6
Class II MHC-associated invariant chain ectoplasmic trimerization domain	6
Lissencephaly-1 protein (Lis-1, PAF-AH alpha) N-terminal domain	6
Methuselah ectodomain	6
cAMP-dependent protein kinase inhibitor	6
Signal recognition particle (SRP) complex	6
Carboxypeptidase inhibitor	6
SMR domain-like	6
Carboxypeptidase regulatory domain-like	6
XisI-like	6
Designed heterodimeric coiled-coil	6
Sac3 CID region-like	6
Cation efflux protein transmembrane domain-like	6
XPC-binding domain	6
Multidrug efflux transporter AcrB transmembrane domain	6
Sec63 N-terminal domain-like	6
Multidrug efflux transporter AcrB pore domain; PN1, PN2, PC1 and PC2 subdomains	6
Multidrug efflux transporter AcrB TolC docking domain; DN and DC subdomains	6
Dimerisation domain of CENP-B	6
Serine metabolism enzymes domain	6
Virus envelope proteins	6
Superantigen (mitogen) Ypm	6
Erythropoietin (EPO) mimetic peptides	6
Tsx-like channel	6
FHV B2 protein-like	6
BT0923-like	6
Fungal elicitin	6
Holliday junction resolvase RusA	6
Tombusvirus P19 core protein, VP19	6
Heme iron utilization protein-like	6
Transactivation domain	6
HemD-like	6
YnzC-like	6
NadA-like	6
HP0242-like	6
YojJ-like	6
Bacterial aa3 type cytochrome c oxidase subunit IV	6
H-NS histone-like proteins	6
GntR ligand-binding domain-like	6
Collagen fibre	6
Hypothetical protein D-63	6
Thermostable heterotrimeric coiled coil	6
Hypothetical protein YhaI	6
TM0957-like	6
Jann4075-like	6
Beta-sheet designs	6
BB1717-like	6
BB2672-like	6
Interferon-induced guanylate-binding protein 1 (GBP1), C-terminal domain	6
Integrin fragments	6
RNA 3'-terminal phosphate cyclase, RPTC, insert domain	6
Baseplate structural protein gp11	6
TTHA1528-like	6
BLRF2-like	6
BRCA2 helical domain	6
C-terminal domain of mollusc hemocyanin	6
BRCA2 tower domain	6
ATP12-like	6
YgbK-like	6
Calcyclin-binding protein-like	6
PA2201 C-terminal domain-like	6
SAND domain-like	6
PPK N-terminal domain-like	6
Anti-sigma factor FlgM	6
Ribosomal protein L4	6
Calmodulin	6
Right-handed coiled coil	6
Prokaryotic type I DNA topoisomerase	6
Pre-mRNA splicing factor Cwf7-like	6
PriB N-terminal domain-like	6
PHP14-like	6
Pre-mRNA splicing factor Phf5-like	6
Nitrogenase accessory factor-like	6
PA2201 N-terminal domain-like	6
Peridinin-chlorophyll protein	6
Activator of Hsp90 ATPase, Aha1	6
Plakin repeat	6
Claudin-like	5
importin-beta binding (IBB) domain of snurportin-1	5
Influenza virus PA/P3 linker region-like	5
Bacterial GAP domain	5
beta-Roll	5
Sec1/munc18-like (SM) proteins	5
PMP inhibitors	5
Mitochondrial ATP synthase coupling factor 6	5
CSL zinc finger	5
Artificial ankyrin repeat proteins	5
Anti-sigma factor AsiA	5
Vacuolar ATP synthase subunit C	5
Hemolysin expression modulating protein HHA	5
Nuclear receptor coactivator Src-1	5
TBP-binding domain of the transcription factor IIIb Brf1 subunit	5
Release factor	5
FliG	5
Colipase-like	5
Htr2 transmembrane domain-like	5
Enzyme I of the PEP:sugar phosphotransferase system HPr-binding (sub)domain	5
PAZ domain	5
Sporulation inhibitor Sda	5
NAC domain	5
Glucose permease domain IIB	5
PB1 fragments	4
Iron-sulfur subunit of formate dehydrogenase N, transmembrane anchor	4
Zn-binding domains of ADDBP	4
C-terminal UvrC-binding domain of UvrB	4
PhtA domain-like	4
RibA-like	4
L35p-like	4
T-antigen specific domain-like	4
Syndecan-4 cytoplasmic domain	4
PHM/PNGase F	4
Bromelain inhibitor VI (cysteine protease inhibitor)	4
DDB1 C-terminal-like	4
CCCH zinc finger	4
Endothelin-like	4
YvfG-like	4
YqgQ-like	4
Glycerate kinase I	4
Prenyltransferase-like	4
THUMP domain-like	4
Hypothetical protein TM0160	4
E7 C-terminal domain-like	4
DNA-binding protein LAG-1 (CSL)	4
DNA-binding pseudobarrel domain	4
Domain of early E2A DNA-binding protein, ADDBP	4
Hypothetical protein YjiA, C-terminal domain	4
Parathyroid hormone fragments (residues between 1 and 39)	4
ATP synthase B chain-like	4
Replisome organizer (g39p helicase loader/inhibitor protein)	4
Prefoldin	4
Ribosomal protein L1	4
Hybrid and chimeric proteins	4
DeoB insert domain-like	4
Hsp33 domain	4
Pre-mRNA splicing factor Snu66-like	4
HSP33 redox switch-like	4
EAL domain-like	4
ISY1 domain-like	4
YdhG-like	4
DNA primase DnaG, C-terminal domain	4
YeeU-like	4
HR1 repeat	4
Influenza virus PB2 N-terminal region	4
TT1751-like	4
Replication modulator SeqA, C-terminal DNA-binding domain	4
Influenza virus PB2 linker region-like	4
Influenza virus PB2 mid domain-like	4
EF2458-like	4
BH3703-like	4
ValRS/IleRS/LeuRS editing domain	4
TM0693-like	4
Integrin beta tail domain	4
Bacteriocin immunity protein-like	4
BEACH domain	4
Rap/Ran-GAP	4
Rab geranylgeranyltransferase alpha-subunit, insert domain	4
FimD N-terminal domain-like	4
PrpR receptor domain-like	4
MurE/MurF N-terminal domain	4
AF1104-like	4
Antifreeze polypeptide HPLC-6	4
Tubby C-terminal domain-like	4
Plus3-like	4
CRISPR associated protein CasA/Cse1-like	4
Olfactory marker protein	4
AF1782-like	4
Methylated DNA-protein cysteine methyltransferase, C-terminal domain	4
Methylated DNA-protein cysteine methyltransferase domain	4
Oligomerization domain of hepatitis delta antigen	4
Methyl-accepting chemotaxis protein (MCP) signaling domain	4
SacY-like RNA-binding domain	4
AF0625-like	4
Pre-mRNA splicing factor Cwc16-like	4
STAT	4
Cell division protein MinE topological specificity domain	4
CdCA1 repeat-like	4
pak1 autoregulatory domain	4
Fungal immunomodulatory protein, FIP	4
SPOC domain-like	4
SP0830-like	4
NHL repeat	4
FlhC-like	4
SO1590-like	4
Alpha-hemoglobin stabilizing protein AHSP	4
RGC domain-like	4
SMc04008-like	4
Calpain large subunit, middle domain (domain III)	4
SinR repressor dimerisation domain-like	4
Moesin tail domain	4
CofE-like	4
Methionine synthase activation domain-like	4
Aconitase iron-sulfur domain	4
Trm112p-like	4
Agglutinin	4
Osmotin, thaumatin-like protein	4
Ava3019-like	4
GlpP-like	4
MAL13P1.257-like	4
MG296-like	4
POlypeptide TRansport Associated (PORTRA) domain-like	3
SirA-like	3
SopE-like GEF domain	3
Coiled-coil domain of nucleotide exchange factor GrpE	3
Head domain of nucleotide exchange factor GrpE	3
L9 N-domain-like	3
Colicin D immunity protein	3
Helical insert domain of RAG1	3
Ubiquitin interacting motif (UIM)	3
Pre-mRNA splicing factor Cwf15-like	3
Pre-mRNA splicing factor Syf2-like	3
Complement system anchor region	3
Complement system alpha-prime linker	3
SAP domain	3
Peptide hormones	3
Apical membrane antigen 1	3
SV5-V core-like	3
Complement system CUB domain	3
Troponin I fragments	3
DNA polymerase III chi subunit	3
DNA helicase RuvA subunit, C-terminal domain	3
Proteinase A inhibitor IA3	3
PspA lactotransferrin-binding region	3
Complement C3 linker domain-like	3
Pre-mRNA splicing factor Cwf5-like	3
Macrocyclic bacteriocins	3
Smad-binding domain of Sara	3
Rabenosyn-5 Rab-binding domain-like	3
Pre-mRNA splicing factor Cwc21 fragment	3
Somatomedin B domain	3
beta-catenin-interacting protein ICAT	3
DNA polymerase III theta subunit-like	3
Serine protease inhibitors	3
USP8 N-terminal domain-like	2
Vng1086c-like	2
Pre-mRNA splicing factor Slu7 fragments	2
Docking domain A of the erythromycin polyketide synthase (DEBS)	2
Vitelline membrane outer protein-I (VMO-I)	2
VPR protein fragments	2
EreA/ChaN-like	2
Eea1 homodimerisation domain	2
Docking domain B of the erythromycin polyketide synthase (DEBS)	2
F1F0 ATP synthase subunit A	2
Dom34/Pelota N-terminal domain-like	2
Viral ssDNA binding protein	2
C-terminal domain of PLC-beta	2
Fe-only hydrogenase smaller subunit	2
EspA/CesA-like	2
EspE N-terminal domain-like	2
Flagellar hook protein flgE	2
Upf1 barrel domain-like	2
Ectatomin subunits	2
Family 10 polysaccharide lyase	2
ApbE-like	2
Dimerization motif of sir4	2
WRKY DNA-binding domain	2
Coronavirus S1 beta-rich region	2
Proline/betaine transporter ProP, C-terminal cytoplasmic domain	2
ComB-like	2
RalF, C-terminal domain	2
Colicin	2
alpha2d	2
39 kda initiator binding protein, IBP39, C-terminal domains	2
Coiled-coil dimerization domain from cortexillin I	2
Protein-L-isoaspartyl O-methyltransferase, C-terminal domain	2
CobE/GbiG C-terminal domain-like	2
Cna protein B-type domain	2
Rad50 coiled-coil Zn hook	2
2-isopropylmalate synthase LeuA, allosteric (dimerisation) domain	2
bi-CXXC zinc finger-like	2
CRISPR-associated endonuclease Cas9/Csn1, PAM-interacting (PI) domain	2
CRISPR-associated endonuclease Cas9/Csn1, Target recognition (REC) lobe	2
CinA-like	2
Proto-oncogene tyrosine-protein kinase lck CD4/CD8 interacting region	2
Pseudo ankyrin repeat-like	2
Chemosensory protein Csp2	2
CV3147-like	2
Pym (Within the bgcn gene intron protein, WIBG), N-terminal domain	2
QueA-like	2
mu transposase, C-terminal domain	2
RNA-binding protein She2p	2
CbiG N-terminal domain-like	2
RAP domain-like	2
Carboxypeptidase A prodomain-based design	2
CarD-like	2
CD4 and CD8 receptor regions	2
Zinc finger design	2
CAC2185-like	2
DNA mismatch repair protein MutL	2
Dhaf3308-like	2
Designed single chain three-helix bundle	2
RelB-like	2
Delta-sleep-inducing peptide immunoreactive peptide	2
YAP1 redox domain	2
DNMT1 CXXC-BAH1 linker domain-like	2
YacF-like	2
YaeB-like	2
YajQ-like	2
DNA-binding domain of EIN3-like	2
DNA topoisomerase IV, alpha subunit	2
YdgH-like	2
DNA polymerase III psi subunit	2
YfmB-like	2
YugN-like	2
YgaC/TfoX-N like	2
YhbY-like	2
Receptor-binding domain of short tail fibre protein gp12	2
A middle domain of Talin 1	2
YkuJ-like	2
YmcC-like	2
Formiminotransferase domain of formiminotransferase-cyclodeaminase.	2
Prokaryotic SH3-related domain	2
YopT-like	2
YozE-like	2
YppE-like	2
YqaI-like	2
YueI-like	2
FomD-like	2
AGR_C_984p-like	2
BH3618-like	2
TRCF domain-like	2
Jumonji C-terminal domain-like	2
ORC1-binding domain	2
MukF C-terminal domain-like	2
PH1570-like	2
Antimicrobial beta-hairpin	2
BH2638-like	2
PKD domain	2
Sec-C motif	2
TM1631-like	2
Insect toxins	2
Insect cysteine-rich antifreeze protein	2
BH3980-like	2
N-terminal coiled coil domain from apc	2
TROVE domain-like	2
Hypothetical protein MTH393	2
TTHA0068-like	2
TTHC002-like	2
PMT central region-like	2
ImmE5-like	2
IlvD/EDD N-terminal domain-like	2
Anoctamin (TMEM16)-like	2
PSTPO5379-like	2
IAP fragments	2
PTSIIA/GutA-like	2
Hypothetical protein yfbM	2
Hypothetical protein YoaG	2
Major capsid protein VP5	2
N-terminal domain of DnaB helicase	2
Obg GTP-binding protein N-terminal domain	2
PH0156-like	2
Kinase-associated protein B-like	2
BAS1536-like	2
Ornithine decarboxylase C-terminal domain	2
P27(KIP1) fragment 22-106	2
MM3350-like	2
PA1994-like	2
Splicing factor 3B subunit 1 fragment	2
MFPT repeat-like	2
Orange domain-like	2
LytB-like	2
AttH-like	2
Membrane ion ATPase	2
Aconitase B, N-terminal domain	2
Methenyltetrahydrofolate cyclohydrolase-like	2
Lipovitellin-phosvitin complex; beta-sheet shell regions	2
Methionine synthase domain	2
Lipase chaperone-like	2
Ribosome-binding factor A, RbfA	2
SipA N-terminal domain-like	2
Ribosome recycling factor, RRF	2
Lem10 N-terminal domain-like	2
Lag-3 N-terminal region	2
LAMP conserved domain-like	2
Oncogene products	2
Methylesterase CheB, C-terminal domain	2
PG0775 C-terminal domain-like	2
L-A virus major coat protein	2
PG1388-like	2
PG1857-like	2
Hypothetical protein MTH777 (MT0777)	2
Hypothetical protein Ta0289 C-terminal domain	2
Hypothetical protein HI1480	2
NADH pyrophosphatase intervening domain	2
Peptide derived from p-21 activated kinase	2
Photosystem II reaction center protein ycf12	2
Translational regulator protein regA	2
NMB0513-like	2
NinB	2
HAND domain of the nucleosome remodeling ATPase ISWI	2
GyrA/ParC C-terminal domain-like	2
GspK insert domain-like	2
Rhomboid-like	2
Glytm1bzip	2
AF2331-like	2
Bactericidal permeability-increasing protein, BPI	2
AF2212/PG0164-like	2
TrmE connector domain	2
General secretion pathway protein M, EpsM	2
SMI1/KNR4-like	2
GckA/TtuD-like	2
AF1862-like	2
Tubulin chaperone cofactor A	2
AF0941-like	2
GK1464-like	2
SEM1 fragments	2
Tumor suppressor p53 fragments	2
Retrovirus zinc finger-like domains	2
FxFG nucleoporin repeats	2
FwdE-like	2
Retro-GCN4 leucine zipper	2
Functional domain of the splicing factor Prp18	2
Retinoblastoma-associated protein RB1 fragments	2
NE0471 N-terminal domain-like	2
NMB0488-like	2
Tp47 lipoprotein, middle and C-terminal domains	2
Transcription factor NusA, N-terminal domain	2
ARID-like	2
Antivirulence factor	2
BTV NS2-like ssRNA-binding domain	2
HisI-like	2
Hermes dimerisation domain	2
Her-1	2
Phenylalanine zipper	2
N-terminal domain of bifunctional PutA protein	2
Topoisomerase V catalytic domain-like	2
Bacillus phage protein	2
Tp47 lipoprotein, N-terminal domain	2
PhnH-like	2
Phosphoprotein M1, C-terminal domain	2
Soluble domain of poliovirus core protein 3a	2
N-terminal, cytoplasmic domain of anti-sigmaE factor RseA	2
SAM domain from DprA-like	2
HSC20 (HSCB), C-terminal oligomerisation domain	2
SSO1389-like	2
HP0062-like	2
Nonstructural protein ns2, Nep, M1-binding domain	2
SSo0622-like	2
Mitochondrial import receptor subunit Tom20	1
gp5 N-terminal domain-like	1
Nuclease A inhibitor (NuiA)	1
Mixed lineage leukaemia protein (MLL) fragments	1
RNA polymerase II fragments	1
Chemotaxis phosphatase CheZ	1
Nucleoporin domain	1
N-terminal domain of the delta subunit of the F1F0-ATP synthase	1
cAMP and cGMP phosphodiesterase (PDE) fragments	1
SMAD MH1 domain	1
Chemotaxis receptor methyltransferase CheR, N-terminal domain	1
Cholecystokinin A receptor, N-domain	1
Actin-binding peptides	1
Multidrug and toxic compound extrusion (MATE) transporters	1
CW-type zinc finger	1
Fragments of TNF receptors	1
Outer arm dynein light chain 1	1
MAD protein fragments	1
Hsp90 co-chaperone CDC37	1
Hormone receptor domain	1
DnaJ/Hsp40 cysteine-rich domain	1
Phosphoinositide 3-kinase alpha adaptor-binding domain (ABD)-like	1
DsbB-like	1
Phosphoprotein XD domain	1
Photosystem II reaction center protein Y, PsbY	1
VhTI-like	1
Translation initiation factor 2 beta, aIF2beta, N-terminal domain	1
Translation initiation factor IF3, C-terminal domain	1
HMG-box transcription factor 1 fragments	1
VSV matrix protein	1
VPS9 domain	1
HIT/MYND zinc finger-like	1
Translocated intimin receptor (tir) intimin-binding domain	1
Eukaryotic initiation factor 4f subunit eIF4g, eIF4e-binding domain	1
Ezrin-radixin-moesin binding phosphoprotein 50 (ebp50) fragments	1
Pre-mRNA splicing factor Cwc25-like	1
Filamin fragments	1
Pepsin inhibitor-3	1
YWTD domain	1
IL-1 receptor type 1 antagonist peptide AF10847	1
Ypt/Rab-GAP domain of gyp1p	1
Avirulence protein AvrPto	1
alpha-Amylase inhibitor tendamistat	1
Lipovitellin-phosvitin complex, superhelical domain	1
Computational models partly based on experimental data	1
Zinc-binding domain of translation initiation factor 2 beta	1
L28p-like	1
Cytosolic domain of OSCA channel-like	1
Cytosolic domain of anoctamin channel-like	1
Killer toxin KP6 alpha-subunit	1
BRCA2 BRC4 repeat	1
D-lysine 5,6-aminomutase beta subunit KamE, N-terminal domain	1
Surp module (SWAP domain)	1
TAF(II)230 TBP-binding fragment	1
TAFH domain-like	1
Ribosomal protein L9 C-domain	1
Fragments of bowman-birk inhibitor	1
DNA gyrase B, insert domain-like	1
TRADD, N-terminal domain	1
RILP dimerisation region	1
